Title,Requirements,Location,Mode
Python Developer Internship,"Python, Flask, Django",Bangalore,In-office
Graphic Design Intern,"Photoshop, Illustrator, Creativity",Delhi,Remote
Java Backend Developer,"Java, Spring Boot, SQL",Pune,In-office
Digital Marketing Intern,"SEO, Social Media Marketing, Content Writing",Mumbai,Hybrid
C++ Programming Intern,"C++, Data Structures, Algorithms",Hyderabad,Remote
Digital Marketing - Internship,"Adobe After Effects, Canva, Creative Thinking, Critical thinking, Digital Marketing, Email Marketing, Filmora, Image Editing, Logo Design, Search Engine Marketing (SEM), Search Engine Optimization (SEO), Social Media Marketing, Video Editing, Video Making, Certificate, Letter of recommendation, Flexible work hours, Informal dress code, Free snacks & beverages","Delhi, Ghaziabad, Greater Noida, Gautam Buddha Nagar, Noida(Hybrid)",In-office
Talent Acquisition - Internship,"English Proficiency (Spoken), English Proficiency (Written), Recruitment, Certificate, Letter of recommendation",Tambaram Sanatorium,In-office
Customer Service/Customer Support - Internship,"English Proficiency (Spoken), Certificate, Letter of recommendation",Bangalore,In-office
Digital Marketing - Internship,"Digital Marketing, English Proficiency (Written), Google AdWords, Google Analytics, Search Engine Marketing (SEM), Search Engine Optimization (SEO), Social Media Marketing, Certificate, Informal dress code","Surat, Navsari, Ankleshwar, Bardoli, Kim, Sayan, Kadodara, Haripura, Amroli",In-office
Warehouse - Internship,"Effective Communication, Market Analysis, Marketing, Marketing Strategies, MS-Office, Presentation skills, Time Management, Certificate, Flexible work hours",Mumbai,In-office
Telecalling Executive For Motor Insurance - Internship,"Effective Communication, Negotiation, Sales, Flexible work hours",Surat,In-office
CS Articleship - Internship,"Effective Communication, Problem Solving",Pune,In-office
CS Articleship - Internship,"English Proficiency (Spoken), English Proficiency (Written), MS-Office, Problem Solving, Research and Analytics, Statutory compliances, Time Management, Certificate, Letter of recommendation, Flexible work hours, 5 days a week, Free snacks & beverages",Pune(Hybrid),In-office
Architecture - Internship,"Adobe Photoshop, AutoCAD, Google SketchUp, Google Suite (G Suite), Certificate, Letter of recommendation, Flexible work hours, 5 days a week",Work from home,In-office
SAP Finance - Internship,"Enterprise Resource Planning(ERP), Finance, MS-Excel, SAP, Informal dress code, 5 days a week, Free snacks & beverages",Noida,In-office
Project Management - Internship,"MS-Excel, Research and Analytics, Certificate",Noida,In-office
SEO Content Writer - Internship,"Content Writing, Search Engine Optimization (SEO), Certificate",Noida,In-office
Content Writing - Internship,"Content Writing, Creative Writing, English Proficiency (Spoken), English Proficiency (Written), Certificate, Flexible work hours, 5 days a week",Noida(Hybrid),In-office
Content and Social Media Marketing - Internship,"Facebook Ads, Google AdWords, Certificate, Letter of recommendation",Gurgaon,In-office
Human Resources (HR) - Internship,"English Proficiency (Spoken), MS-Excel, Certificate, 5 days a week","Mumbai, Bangalore",In-office
Graphic Design - Internship,"Adobe After Effects, Adobe Illustrator, Adobe Photoshop, Canva, Video Editing, Certificate, Letter of recommendation",Gurgaon,In-office
Workshop Facilitator & Leadership - Internship,"Anchoring, Collaboration, Coordination, English Proficiency (Spoken), Event Management, Leadership, Public Relations, Public Speaking, Teamwork, Certificate, Letter of recommendation, Flexible work hours",Work from home,In-office
Human Resources (HR) - Internship,"MS-Excel, MS-Word, Certificate, Letter of recommendation",Bhopal,In-office
Media Sales - Internship,"B2B Sales, Effective Communication, Negotiation, Sales, Certificate, Informal dress code, Job offer","Chennai, Gurgaon, Pune, Mumbai, Noida",In-office
Research Engineer / Research Assistant - Internship,"Circuit Design, Circuit Modeling & Simulation, Internet of Things (IoT), Python, Certificate, Letter of recommendation",Noida,In-office
Business Development (Sales) - Internship,"B2B Sales, Field Sales, Lead Generation, Certificate, Letter of recommendation","Gurgaon, Bangalore",In-office
Social Media Management - Internship,"French Proficiency (spoken), French Proficiency (written), Google AdWords, Instagram Marketing, Social Media Marketing, WordPress, Certificate, Flexible work hours",Work from home,In-office
Social Media Marketing - Internship,"Creative Writing, Facebook Marketing, Instagram Marketing, Social Media Marketing, Video Editing, Certificate, Letter of recommendation, Flexible work hours, 5 days a week, Job offer",Kolkata,In-office
Client Servicing - Internship,"English Proficiency (Spoken), Sales, Certificate","Ahmedabad, Pune, Mumbai",In-office
Event Anchoring & Presenter - Internship,"Anchoring, Conflict Management, Critical thinking, Effective Communication, English Proficiency (Spoken), Event Management, Leadership, Problem Solving, Public Speaking, Time Management, Certificate, Letter of recommendation, Flexible work hours",Work from home,In-office
Event Hosting & Facilitator - Internship,"Active Learning, Anchoring, Collaboration, Conflict Management, English Proficiency (Spoken), Event Management, Leadership, Problem Solving, Public Relations, Public Speaking, Team Management, Teamwork, Certificate, Letter of recommendation, Flexible work hours",Work from home,In-office
Public Speaking - Internship,"Anchoring, Conflict Management, Effective Communication, English Proficiency (Spoken), Event Management, Leadership, Management, Public Relations, Public Speaking, Certificate, Letter of recommendation, Flexible work hours",Work from home,In-office
Human Resources (HR) - Internship,"MIS, MS-Excel, MS-Office, Recruitment, Certificate, Letter of recommendation, Free snacks & beverages",Mumbai,In-office
Social Media Marketing - Internship,"Digital Marketing, Facebook Marketing, Instagram Marketing, LinkedIn Marketing, Social Media Marketing, Certificate",Work from home,In-office
Content Writing - Internship,"Content Writing, Creative Writing, English Proficiency (Written), Certificate",Work from home,In-office
Video Editing/Making - Internship,"Adobe Premiere Pro, Final Cut Pro, Video Editing, Video Making, Certificate, Letter of recommendation, Job offer",Delhi,In-office
Web Services - Internship,"MS-Excel, Web Design, Web Services, Letter of recommendation",Navi Mumbai,In-office
Business Development (Sales) - Internship,"MS-Excel, Certificate, Informal dress code",Mumbai,In-office
Search Engine Optimization (SEO) - Internship,"Digital Marketing, Google AdWords, Search Engine Optimization (SEO), Social Media Marketing, Certificate",Gurgaon,In-office
Community Management - Internship,"Collaboration, Coordination, Social Media Marketing, Team Management, Certificate, Letter of recommendation, Flexible work hours",Work from home,In-office
Business Research - Internship,"English Proficiency (Spoken), English Proficiency (Written), MS-Office, Research and Analytics, Certificate, Letter of recommendation, Informal dress code",Noida,In-office
Sales and Marketing - Internship,"Sales Strategy, Certificate","Surat, Vadodara",In-office
Campus Ambassador - Internship,"Branding, Content Writing, Networking, Social Media Marketing, Certificate, Letter of recommendation, Flexible work hours",Work from home,In-office
Marketing - Internship,"Client Relationship Management (CRM), Effective Communication, MS-Excel, Certificate, Free snacks & beverages",Bangalore,In-office
UI/UX Designer - Internship,"Adobe Illustrator, Adobe Photoshop, Canva, Figma, Job offer",Mumbai,In-office
Human Resources (HR) - Internship,"English Proficiency (Spoken), English Proficiency (Written), MS-Excel, MS-Office, MS-Word",Mumbai,In-office
Sales Consultant - Internship,"Effective Communication, Sales, Sales Management, Certificate",Hyderabad,In-office
Digital Marketing - Internship,"Digital Marketing, Google Analytics, Marketing Campaigns, Search Engine Optimization (SEO), Social Media Marketing, Certificate, Letter of recommendation, 5 days a week",Manesar,In-office
Campaign Lead (Special Project By The Times Of India) - Internship,"Community Management, Coordination, Interpersonal skills, Video Making, Certificate, Letter of recommendation, 5 days a week",Bangalore,In-office
Content Writing - Internship,"Blogging, Creative Writing, Digital Marketing, English Proficiency (Spoken), English Proficiency (Written), Search Engine Optimization (SEO), Social Media Marketing, Certificate, 5 days a week",Kolkata,In-office
Business Development (Sales) - Internship,"English Proficiency (Spoken), English Proficiency (Written), MS-Excel, Letter of recommendation, Informal dress code",Noida,In-office
Graphic Design - Internship,"Adobe After Effects, Adobe Creative Suite, Adobe Illustrator, Adobe Photoshop, Adobe Premiere Pro, UI & UX Design, Certificate, Letter of recommendation, Flexible work hours, 5 days a week","Gurgaon, Manesar",In-office
Front-Desk - Internship,"Administrative Support, Effective Communication, Interpersonal skills, MS-Office, Certificate, Letter of recommendation, Informal dress code, 5 days a week, Free snacks & beverages",Delhi,In-office
Product Analytics - Internship,"Power BI, Python, SQL, Certificate, Letter of recommendation, Flexible work hours, Informal dress code, 5 days a week, Free snacks & beverages",Bangalore,In-office
Field Sales - Internship,"Business Development, Field Sales, Lead Generation, Certificate, Job offer","Ahmedabad, Pune, Hyderabad, Mumbai, Bangalore",In-office
